{ "frames": [
   {
    "filename": "faces 0.ase",
    "frame": { "x": 0, "y": 0, "w": 63, "h": 50 },
    "rotated": false,
    "trimmed": false,
    "spriteSourceSize": { "x": 0, "y": 0, "w": 63, "h": 50 },
    "sourceSize": { "w": 63, "h": 50 },
    "duration": 100
   },
   {
    "filename": "faces 1.ase",
    "frame": { "x": 63, "y": 0, "w": 63, "h": 50 },
    "rotated": false,
    "trimmed": false,
    "spriteSourceSize": { "x": 0, "y": 0, "w": 63, "h": 50 },
    "sourceSize": { "w": 63, "h": 50 },
    "duration": 100
   },
   {
    "filename": "faces 2.ase",
    "frame": { "x": 126, "y": 0, "w": 63, "h": 50 },
    "rotated": false,
    "trimmed": false,
    "spriteSourceSize": { "x": 0, "y": 0, "w": 63, "h": 50 },
    "sourceSize": { "w": 63, "h": 50 },
    "duration": 100
   },
   {
    "filename": "faces 3.ase",
    "frame": { "x": 189, "y": 0, "w": 63, "h": 50 },
    "rotated": false,
    "trimmed": false,
    "spriteSourceSize": { "x": 0, "y": 0, "w": 63, "h": 50 },
    "sourceSize": { "w": 63, "h": 50 },
    "duration": 100
   },
   {
    "filename": "faces 4.ase",
    "frame": { "x": 252, "y": 0, "w": 63, "h": 50 },
    "rotated": false,
    "trimmed": false,
    "spriteSourceSize": { "x": 0, "y": 0, "w": 63, "h": 50 },
    "sourceSize": { "w": 63, "h": 50 },
    "duration": 100
   },
   {
    "filename": "faces 5.ase",
    "frame": { "x": 315, "y": 0, "w": 63, "h": 50 },
    "rotated": false,
    "trimmed": false,
    "spriteSourceSize": { "x": 0, "y": 0, "w": 63, "h": 50 },
    "sourceSize": { "w": 63, "h": 50 },
    "duration": 100
   },
   {
    "filename": "faces 6.ase",
    "frame": { "x": 378, "y": 0, "w": 63, "h": 50 },
    "rotated": false,
    "trimmed": false,
    "spriteSourceSize": { "x": 0, "y": 0, "w": 63, "h": 50 },
    "sourceSize": { "w": 63, "h": 50 },
    "duration": 100
   },
   {
    "filename": "faces 7.ase",
    "frame": { "x": 0, "y": 50, "w": 63, "h": 50 },
    "rotated": false,
    "trimmed": false,
    "spriteSourceSize": { "x": 0, "y": 0, "w": 63, "h": 50 },
    "sourceSize": { "w": 63, "h": 50 },
    "duration": 100
   },
   {
    "filename": "faces 8.ase",
    "frame": { "x": 63, "y": 50, "w": 63, "h": 50 },
    "rotated": false,
    "trimmed": false,
    "spriteSourceSize": { "x": 0, "y": 0, "w": 63, "h": 50 },
    "sourceSize": { "w": 63, "h": 50 },
    "duration": 100
   },
   {
    "filename": "faces 9.ase",
    "frame": { "x": 126, "y": 50, "w": 63, "h": 50 },
    "rotated": false,
    "trimmed": false,
    "spriteSourceSize": { "x": 0, "y": 0, "w": 63, "h": 50 },
    "sourceSize": { "w": 63, "h": 50 },
    "duration": 100
   },
   {
    "filename": "faces 10.ase",
    "frame": { "x": 189, "y": 50, "w": 63, "h": 50 },
    "rotated": false,
    "trimmed": false,
    "spriteSourceSize": { "x": 0, "y": 0, "w": 63, "h": 50 },
    "sourceSize": { "w": 63, "h": 50 },
    "duration": 100
   },
   {
    "filename": "faces 11.ase",
    "frame": { "x": 252, "y": 50, "w": 63, "h": 50 },
    "rotated": false,
    "trimmed": false,
    "spriteSourceSize": { "x": 0, "y": 0, "w": 63, "h": 50 },
    "sourceSize": { "w": 63, "h": 50 },
    "duration": 100
   },
   {
    "filename": "faces 12.ase",
    "frame": { "x": 315, "y": 50, "w": 63, "h": 50 },
    "rotated": false,
    "trimmed": false,
    "spriteSourceSize": { "x": 0, "y": 0, "w": 63, "h": 50 },
    "sourceSize": { "w": 63, "h": 50 },
    "duration": 100
   },
   {
    "filename": "faces 13.ase",
    "frame": { "x": 378, "y": 50, "w": 63, "h": 50 },
    "rotated": false,
    "trimmed": false,
    "spriteSourceSize": { "x": 0, "y": 0, "w": 63, "h": 50 },
    "sourceSize": { "w": 63, "h": 50 },
    "duration": 100
   },
   {
    "filename": "faces 14.ase",
    "frame": { "x": 0, "y": 100, "w": 63, "h": 50 },
    "rotated": false,
    "trimmed": false,
    "spriteSourceSize": { "x": 0, "y": 0, "w": 63, "h": 50 },
    "sourceSize": { "w": 63, "h": 50 },
    "duration": 100
   },
   {
    "filename": "faces 15.ase",
    "frame": { "x": 63, "y": 100, "w": 63, "h": 50 },
    "rotated": false,
    "trimmed": false,
    "spriteSourceSize": { "x": 0, "y": 0, "w": 63, "h": 50 },
    "sourceSize": { "w": 63, "h": 50 },
    "duration": 100
   },
   {
    "filename": "faces 16.ase",
    "frame": { "x": 126, "y": 100, "w": 63, "h": 50 },
    "rotated": false,
    "trimmed": false,
    "spriteSourceSize": { "x": 0, "y": 0, "w": 63, "h": 50 },
    "sourceSize": { "w": 63, "h": 50 },
    "duration": 100
   },
   {
    "filename": "faces 17.ase",
    "frame": { "x": 189, "y": 100, "w": 63, "h": 50 },
    "rotated": false,
    "trimmed": false,
    "spriteSourceSize": { "x": 0, "y": 0, "w": 63, "h": 50 },
    "sourceSize": { "w": 63, "h": 50 },
    "duration": 100
   },
   {
    "filename": "faces 18.ase",
    "frame": { "x": 252, "y": 100, "w": 63, "h": 50 },
    "rotated": false,
    "trimmed": false,
    "spriteSourceSize": { "x": 0, "y": 0, "w": 63, "h": 50 },
    "sourceSize": { "w": 63, "h": 50 },
    "duration": 100
   },
   {
    "filename": "faces 19.ase",
    "frame": { "x": 315, "y": 100, "w": 63, "h": 50 },
    "rotated": false,
    "trimmed": false,
    "spriteSourceSize": { "x": 0, "y": 0, "w": 63, "h": 50 },
    "sourceSize": { "w": 63, "h": 50 },
    "duration": 100
   },
   {
    "filename": "faces 20.ase",
    "frame": { "x": 378, "y": 100, "w": 63, "h": 50 },
    "rotated": false,
    "trimmed": false,
    "spriteSourceSize": { "x": 0, "y": 0, "w": 63, "h": 50 },
    "sourceSize": { "w": 63, "h": 50 },
    "duration": 100
   },
   {
    "filename": "faces 21.ase",
    "frame": { "x": 0, "y": 150, "w": 63, "h": 50 },
    "rotated": false,
    "trimmed": false,
    "spriteSourceSize": { "x": 0, "y": 0, "w": 63, "h": 50 },
    "sourceSize": { "w": 63, "h": 50 },
    "duration": 100
   },
   {
    "filename": "faces 22.ase",
    "frame": { "x": 63, "y": 150, "w": 63, "h": 50 },
    "rotated": false,
    "trimmed": false,
    "spriteSourceSize": { "x": 0, "y": 0, "w": 63, "h": 50 },
    "sourceSize": { "w": 63, "h": 50 },
    "duration": 100
   },
   {
    "filename": "faces 23.ase",
    "frame": { "x": 126, "y": 150, "w": 63, "h": 50 },
    "rotated": false,
    "trimmed": false,
    "spriteSourceSize": { "x": 0, "y": 0, "w": 63, "h": 50 },
    "sourceSize": { "w": 63, "h": 50 },
    "duration": 100
   },
   {
    "filename": "faces 24.ase",
    "frame": { "x": 189, "y": 150, "w": 63, "h": 50 },
    "rotated": false,
    "trimmed": false,
    "spriteSourceSize": { "x": 0, "y": 0, "w": 63, "h": 50 },
    "sourceSize": { "w": 63, "h": 50 },
    "duration": 100
   },
   {
    "filename": "faces 25.ase",
    "frame": { "x": 252, "y": 150, "w": 63, "h": 50 },
    "rotated": false,
    "trimmed": false,
    "spriteSourceSize": { "x": 0, "y": 0, "w": 63, "h": 50 },
    "sourceSize": { "w": 63, "h": 50 },
    "duration": 100
   },
   {
    "filename": "faces 26.ase",
    "frame": { "x": 315, "y": 150, "w": 63, "h": 50 },
    "rotated": false,
    "trimmed": false,
    "spriteSourceSize": { "x": 0, "y": 0, "w": 63, "h": 50 },
    "sourceSize": { "w": 63, "h": 50 },
    "duration": 100
   },
   {
    "filename": "faces 27.ase",
    "frame": { "x": 378, "y": 150, "w": 63, "h": 50 },
    "rotated": false,
    "trimmed": false,
    "spriteSourceSize": { "x": 0, "y": 0, "w": 63, "h": 50 },
    "sourceSize": { "w": 63, "h": 50 },
    "duration": 100
   },
   {
    "filename": "faces 28.ase",
    "frame": { "x": 0, "y": 200, "w": 63, "h": 50 },
    "rotated": false,
    "trimmed": false,
    "spriteSourceSize": { "x": 0, "y": 0, "w": 63, "h": 50 },
    "sourceSize": { "w": 63, "h": 50 },
    "duration": 100
   },
   {
    "filename": "faces 29.ase",
    "frame": { "x": 63, "y": 200, "w": 63, "h": 50 },
    "rotated": false,
    "trimmed": false,
    "spriteSourceSize": { "x": 0, "y": 0, "w": 63, "h": 50 },
    "sourceSize": { "w": 63, "h": 50 },
    "duration": 100
   },
   {
    "filename": "faces 30.ase",
    "frame": { "x": 126, "y": 200, "w": 63, "h": 50 },
    "rotated": false,
    "trimmed": false,
    "spriteSourceSize": { "x": 0, "y": 0, "w": 63, "h": 50 },
    "sourceSize": { "w": 63, "h": 50 },
    "duration": 100
   },
   {
    "filename": "faces 31.ase",
    "frame": { "x": 189, "y": 200, "w": 63, "h": 50 },
    "rotated": false,
    "trimmed": false,
    "spriteSourceSize": { "x": 0, "y": 0, "w": 63, "h": 50 },
    "sourceSize": { "w": 63, "h": 50 },
    "duration": 100
   },
   {
    "filename": "faces 32.ase",
    "frame": { "x": 252, "y": 200, "w": 63, "h": 50 },
    "rotated": false,
    "trimmed": false,
    "spriteSourceSize": { "x": 0, "y": 0, "w": 63, "h": 50 },
    "sourceSize": { "w": 63, "h": 50 },
    "duration": 100
   },
   {
    "filename": "faces 33.ase",
    "frame": { "x": 315, "y": 200, "w": 63, "h": 50 },
    "rotated": false,
    "trimmed": false,
    "spriteSourceSize": { "x": 0, "y": 0, "w": 63, "h": 50 },
    "sourceSize": { "w": 63, "h": 50 },
    "duration": 100
   },
   {
    "filename": "faces 34.ase",
    "frame": { "x": 378, "y": 200, "w": 63, "h": 50 },
    "rotated": false,
    "trimmed": false,
    "spriteSourceSize": { "x": 0, "y": 0, "w": 63, "h": 50 },
    "sourceSize": { "w": 63, "h": 50 },
    "duration": 100
   },
   {
    "filename": "faces 35.ase",
    "frame": { "x": 0, "y": 250, "w": 63, "h": 50 },
    "rotated": false,
    "trimmed": false,
    "spriteSourceSize": { "x": 0, "y": 0, "w": 63, "h": 50 },
    "sourceSize": { "w": 63, "h": 50 },
    "duration": 100
   },
   {
    "filename": "faces 36.ase",
    "frame": { "x": 63, "y": 250, "w": 63, "h": 50 },
    "rotated": false,
    "trimmed": false,
    "spriteSourceSize": { "x": 0, "y": 0, "w": 63, "h": 50 },
    "sourceSize": { "w": 63, "h": 50 },
    "duration": 100
   },
   {
    "filename": "faces 37.ase",
    "frame": { "x": 126, "y": 250, "w": 63, "h": 50 },
    "rotated": false,
    "trimmed": false,
    "spriteSourceSize": { "x": 0, "y": 0, "w": 63, "h": 50 },
    "sourceSize": { "w": 63, "h": 50 },
    "duration": 100
   },
   {
    "filename": "faces 38.ase",
    "frame": { "x": 189, "y": 250, "w": 63, "h": 50 },
    "rotated": false,
    "trimmed": false,
    "spriteSourceSize": { "x": 0, "y": 0, "w": 63, "h": 50 },
    "sourceSize": { "w": 63, "h": 50 },
    "duration": 100
   },
   {
    "filename": "faces 39.ase",
    "frame": { "x": 252, "y": 250, "w": 63, "h": 50 },
    "rotated": false,
    "trimmed": false,
    "spriteSourceSize": { "x": 0, "y": 0, "w": 63, "h": 50 },
    "sourceSize": { "w": 63, "h": 50 },
    "duration": 100
   },
   {
    "filename": "faces 40.ase",
    "frame": { "x": 315, "y": 250, "w": 63, "h": 50 },
    "rotated": false,
    "trimmed": false,
    "spriteSourceSize": { "x": 0, "y": 0, "w": 63, "h": 50 },
    "sourceSize": { "w": 63, "h": 50 },
    "duration": 100
   },
   {
    "filename": "faces 41.ase",
    "frame": { "x": 378, "y": 250, "w": 63, "h": 50 },
    "rotated": false,
    "trimmed": false,
    "spriteSourceSize": { "x": 0, "y": 0, "w": 63, "h": 50 },
    "sourceSize": { "w": 63, "h": 50 },
    "duration": 100
   },
   {
    "filename": "faces 42.ase",
    "frame": { "x": 0, "y": 300, "w": 63, "h": 50 },
    "rotated": false,
    "trimmed": false,
    "spriteSourceSize": { "x": 0, "y": 0, "w": 63, "h": 50 },
    "sourceSize": { "w": 63, "h": 50 },
    "duration": 100
   }
 ],
 "meta": {
  "app": "https://www.aseprite.org/",
  "version": "1.3-beta21-x64",
  "image": "faces.png",
  "format": "RGBA8888",
  "size": { "w": 441, "h": 350 },
  "scale": "1",
  "frameTags": [
  ],
  "layers": [
   { "name": "Base", "opacity": 255, "blendMode": "normal" },
   { "name": "faces", "opacity": 255, "blendMode": "normal" }
  ],
  "slices": [
  ]
 }
}
