{ "frames": [
   {
    "filename": "hair (Layer 1) 0.ase",
    "frame": { "x": 0, "y": 0, "w": 122, "h": 150 },
    "rotated": false,
    "trimmed": false,
    "spriteSourceSize": { "x": 0, "y": 0, "w": 122, "h": 150 },
    "sourceSize": { "w": 122, "h": 150 },
    "duration": 100
   },
   {
    "filename": "hair (Layer 1) 1.ase",
    "frame": { "x": 122, "y": 0, "w": 122, "h": 150 },
    "rotated": false,
    "trimmed": false,
    "spriteSourceSize": { "x": 0, "y": 0, "w": 122, "h": 150 },
    "sourceSize": { "w": 122, "h": 150 },
    "duration": 100
   },
   {
    "filename": "hair (Layer 1) 2.ase",
    "frame": { "x": 244, "y": 0, "w": 122, "h": 150 },
    "rotated": false,
    "trimmed": false,
    "spriteSourceSize": { "x": 0, "y": 0, "w": 122, "h": 150 },
    "sourceSize": { "w": 122, "h": 150 },
    "duration": 100
   },
   {
    "filename": "hair (Layer 1) 3.ase",
    "frame": { "x": 366, "y": 0, "w": 122, "h": 150 },
    "rotated": false,
    "trimmed": false,
    "spriteSourceSize": { "x": 0, "y": 0, "w": 122, "h": 150 },
    "sourceSize": { "w": 122, "h": 150 },
    "duration": 100
   },
   {
    "filename": "hair (Layer 1) 4.ase",
    "frame": { "x": 488, "y": 0, "w": 122, "h": 150 },
    "rotated": false,
    "trimmed": false,
    "spriteSourceSize": { "x": 0, "y": 0, "w": 122, "h": 150 },
    "sourceSize": { "w": 122, "h": 150 },
    "duration": 100
   },
   {
    "filename": "hair (Layer 1) 5.ase",
    "frame": { "x": 610, "y": 0, "w": 122, "h": 150 },
    "rotated": false,
    "trimmed": false,
    "spriteSourceSize": { "x": 0, "y": 0, "w": 122, "h": 150 },
    "sourceSize": { "w": 122, "h": 150 },
    "duration": 100
   },
   {
    "filename": "hair (Layer 1) 6.ase",
    "frame": { "x": 732, "y": 0, "w": 122, "h": 150 },
    "rotated": false,
    "trimmed": false,
    "spriteSourceSize": { "x": 0, "y": 0, "w": 122, "h": 150 },
    "sourceSize": { "w": 122, "h": 150 },
    "duration": 100
   },
   {
    "filename": "hair (Layer 1) 7.ase",
    "frame": { "x": 854, "y": 0, "w": 122, "h": 150 },
    "rotated": false,
    "trimmed": false,
    "spriteSourceSize": { "x": 0, "y": 0, "w": 122, "h": 150 },
    "sourceSize": { "w": 122, "h": 150 },
    "duration": 100
   },
   {
    "filename": "hair (Layer 1) 8.ase",
    "frame": { "x": 976, "y": 0, "w": 122, "h": 150 },
    "rotated": false,
    "trimmed": false,
    "spriteSourceSize": { "x": 0, "y": 0, "w": 122, "h": 150 },
    "sourceSize": { "w": 122, "h": 150 },
    "duration": 100
   },
   {
    "filename": "hair (Layer 1) 9.ase",
    "frame": { "x": 0, "y": 150, "w": 122, "h": 150 },
    "rotated": false,
    "trimmed": false,
    "spriteSourceSize": { "x": 0, "y": 0, "w": 122, "h": 150 },
    "sourceSize": { "w": 122, "h": 150 },
    "duration": 100
   },
   {
    "filename": "hair (Layer 1) 10.ase",
    "frame": { "x": 122, "y": 150, "w": 122, "h": 150 },
    "rotated": false,
    "trimmed": false,
    "spriteSourceSize": { "x": 0, "y": 0, "w": 122, "h": 150 },
    "sourceSize": { "w": 122, "h": 150 },
    "duration": 100
   },
   {
    "filename": "hair (Layer 1) 11.ase",
    "frame": { "x": 244, "y": 150, "w": 122, "h": 150 },
    "rotated": false,
    "trimmed": false,
    "spriteSourceSize": { "x": 0, "y": 0, "w": 122, "h": 150 },
    "sourceSize": { "w": 122, "h": 150 },
    "duration": 100
   },
   {
    "filename": "hair (Layer 1) 12.ase",
    "frame": { "x": 366, "y": 150, "w": 122, "h": 150 },
    "rotated": false,
    "trimmed": false,
    "spriteSourceSize": { "x": 0, "y": 0, "w": 122, "h": 150 },
    "sourceSize": { "w": 122, "h": 150 },
    "duration": 100
   },
   {
    "filename": "hair (Layer 1) 13.ase",
    "frame": { "x": 488, "y": 150, "w": 122, "h": 150 },
    "rotated": false,
    "trimmed": false,
    "spriteSourceSize": { "x": 0, "y": 0, "w": 122, "h": 150 },
    "sourceSize": { "w": 122, "h": 150 },
    "duration": 100
   },
   {
    "filename": "hair (Layer 1) 14.ase",
    "frame": { "x": 610, "y": 150, "w": 122, "h": 150 },
    "rotated": false,
    "trimmed": false,
    "spriteSourceSize": { "x": 0, "y": 0, "w": 122, "h": 150 },
    "sourceSize": { "w": 122, "h": 150 },
    "duration": 100
   },
   {
    "filename": "hair (Layer 1) 15.ase",
    "frame": { "x": 732, "y": 150, "w": 122, "h": 150 },
    "rotated": false,
    "trimmed": false,
    "spriteSourceSize": { "x": 0, "y": 0, "w": 122, "h": 150 },
    "sourceSize": { "w": 122, "h": 150 },
    "duration": 100
   },
   {
    "filename": "hair (Layer 1) 16.ase",
    "frame": { "x": 854, "y": 150, "w": 122, "h": 150 },
    "rotated": false,
    "trimmed": false,
    "spriteSourceSize": { "x": 0, "y": 0, "w": 122, "h": 150 },
    "sourceSize": { "w": 122, "h": 150 },
    "duration": 100
   },
   {
    "filename": "hair (Layer 1) 17.ase",
    "frame": { "x": 976, "y": 150, "w": 122, "h": 150 },
    "rotated": false,
    "trimmed": false,
    "spriteSourceSize": { "x": 0, "y": 0, "w": 122, "h": 150 },
    "sourceSize": { "w": 122, "h": 150 },
    "duration": 100
   },
   {
    "filename": "hair (Layer 1) 18.ase",
    "frame": { "x": 0, "y": 300, "w": 122, "h": 150 },
    "rotated": false,
    "trimmed": false,
    "spriteSourceSize": { "x": 0, "y": 0, "w": 122, "h": 150 },
    "sourceSize": { "w": 122, "h": 150 },
    "duration": 100
   },
   {
    "filename": "hair (Layer 1) 19.ase",
    "frame": { "x": 122, "y": 300, "w": 122, "h": 150 },
    "rotated": false,
    "trimmed": false,
    "spriteSourceSize": { "x": 0, "y": 0, "w": 122, "h": 150 },
    "sourceSize": { "w": 122, "h": 150 },
    "duration": 100
   },
   {
    "filename": "hair (Layer 1) 20.ase",
    "frame": { "x": 244, "y": 300, "w": 122, "h": 150 },
    "rotated": false,
    "trimmed": false,
    "spriteSourceSize": { "x": 0, "y": 0, "w": 122, "h": 150 },
    "sourceSize": { "w": 122, "h": 150 },
    "duration": 100
   },
   {
    "filename": "hair (Layer 1) 21.ase",
    "frame": { "x": 366, "y": 300, "w": 122, "h": 150 },
    "rotated": false,
    "trimmed": false,
    "spriteSourceSize": { "x": 0, "y": 0, "w": 122, "h": 150 },
    "sourceSize": { "w": 122, "h": 150 },
    "duration": 100
   },
   {
    "filename": "hair (Layer 1) 22.ase",
    "frame": { "x": 488, "y": 300, "w": 122, "h": 150 },
    "rotated": false,
    "trimmed": false,
    "spriteSourceSize": { "x": 0, "y": 0, "w": 122, "h": 150 },
    "sourceSize": { "w": 122, "h": 150 },
    "duration": 100
   },
   {
    "filename": "hair (Layer 1) 23.ase",
    "frame": { "x": 610, "y": 300, "w": 122, "h": 150 },
    "rotated": false,
    "trimmed": false,
    "spriteSourceSize": { "x": 0, "y": 0, "w": 122, "h": 150 },
    "sourceSize": { "w": 122, "h": 150 },
    "duration": 100
   },
   {
    "filename": "hair (Layer 1) 24.ase",
    "frame": { "x": 732, "y": 300, "w": 122, "h": 150 },
    "rotated": false,
    "trimmed": false,
    "spriteSourceSize": { "x": 0, "y": 0, "w": 122, "h": 150 },
    "sourceSize": { "w": 122, "h": 150 },
    "duration": 100
   },
   {
    "filename": "hair (Layer 1) 25.ase",
    "frame": { "x": 854, "y": 300, "w": 122, "h": 150 },
    "rotated": false,
    "trimmed": false,
    "spriteSourceSize": { "x": 0, "y": 0, "w": 122, "h": 150 },
    "sourceSize": { "w": 122, "h": 150 },
    "duration": 100
   },
   {
    "filename": "hair (Layer 1) 26.ase",
    "frame": { "x": 976, "y": 300, "w": 122, "h": 150 },
    "rotated": false,
    "trimmed": false,
    "spriteSourceSize": { "x": 0, "y": 0, "w": 122, "h": 150 },
    "sourceSize": { "w": 122, "h": 150 },
    "duration": 100
   },
   {
    "filename": "hair (Layer 1) 27.ase",
    "frame": { "x": 0, "y": 450, "w": 122, "h": 150 },
    "rotated": false,
    "trimmed": false,
    "spriteSourceSize": { "x": 0, "y": 0, "w": 122, "h": 150 },
    "sourceSize": { "w": 122, "h": 150 },
    "duration": 100
   },
   {
    "filename": "hair (Layer 1) 28.ase",
    "frame": { "x": 122, "y": 450, "w": 122, "h": 150 },
    "rotated": false,
    "trimmed": false,
    "spriteSourceSize": { "x": 0, "y": 0, "w": 122, "h": 150 },
    "sourceSize": { "w": 122, "h": 150 },
    "duration": 100
   },
   {
    "filename": "hair (Layer 1) 29.ase",
    "frame": { "x": 244, "y": 450, "w": 122, "h": 150 },
    "rotated": false,
    "trimmed": false,
    "spriteSourceSize": { "x": 0, "y": 0, "w": 122, "h": 150 },
    "sourceSize": { "w": 122, "h": 150 },
    "duration": 100
   },
   {
    "filename": "hair (Layer 1) 30.ase",
    "frame": { "x": 366, "y": 450, "w": 122, "h": 150 },
    "rotated": false,
    "trimmed": false,
    "spriteSourceSize": { "x": 0, "y": 0, "w": 122, "h": 150 },
    "sourceSize": { "w": 122, "h": 150 },
    "duration": 100
   },
   {
    "filename": "hair (Layer 1) 31.ase",
    "frame": { "x": 488, "y": 450, "w": 122, "h": 150 },
    "rotated": false,
    "trimmed": false,
    "spriteSourceSize": { "x": 0, "y": 0, "w": 122, "h": 150 },
    "sourceSize": { "w": 122, "h": 150 },
    "duration": 100
   },
   {
    "filename": "hair (Layer 1) 32.ase",
    "frame": { "x": 610, "y": 450, "w": 122, "h": 150 },
    "rotated": false,
    "trimmed": false,
    "spriteSourceSize": { "x": 0, "y": 0, "w": 122, "h": 150 },
    "sourceSize": { "w": 122, "h": 150 },
    "duration": 100
   },
   {
    "filename": "hair (Layer 1) 33.ase",
    "frame": { "x": 732, "y": 450, "w": 122, "h": 150 },
    "rotated": false,
    "trimmed": false,
    "spriteSourceSize": { "x": 0, "y": 0, "w": 122, "h": 150 },
    "sourceSize": { "w": 122, "h": 150 },
    "duration": 100
   },
   {
    "filename": "hair (Layer 1) 34.ase",
    "frame": { "x": 854, "y": 450, "w": 122, "h": 150 },
    "rotated": false,
    "trimmed": false,
    "spriteSourceSize": { "x": 0, "y": 0, "w": 122, "h": 150 },
    "sourceSize": { "w": 122, "h": 150 },
    "duration": 100
   },
   {
    "filename": "hair (Layer 1) 35.ase",
    "frame": { "x": 976, "y": 450, "w": 122, "h": 150 },
    "rotated": false,
    "trimmed": false,
    "spriteSourceSize": { "x": 0, "y": 0, "w": 122, "h": 150 },
    "sourceSize": { "w": 122, "h": 150 },
    "duration": 100
   },
   {
    "filename": "hair (Layer 1) 36.ase",
    "frame": { "x": 0, "y": 600, "w": 122, "h": 150 },
    "rotated": false,
    "trimmed": false,
    "spriteSourceSize": { "x": 0, "y": 0, "w": 122, "h": 150 },
    "sourceSize": { "w": 122, "h": 150 },
    "duration": 100
   },
   {
    "filename": "hair (Layer 1) 37.ase",
    "frame": { "x": 122, "y": 600, "w": 122, "h": 150 },
    "rotated": false,
    "trimmed": false,
    "spriteSourceSize": { "x": 0, "y": 0, "w": 122, "h": 150 },
    "sourceSize": { "w": 122, "h": 150 },
    "duration": 100
   },
   {
    "filename": "hair (Layer 1) 38.ase",
    "frame": { "x": 244, "y": 600, "w": 122, "h": 150 },
    "rotated": false,
    "trimmed": false,
    "spriteSourceSize": { "x": 0, "y": 0, "w": 122, "h": 150 },
    "sourceSize": { "w": 122, "h": 150 },
    "duration": 100
   },
   {
    "filename": "hair (Layer 1) 39.ase",
    "frame": { "x": 366, "y": 600, "w": 122, "h": 150 },
    "rotated": false,
    "trimmed": false,
    "spriteSourceSize": { "x": 0, "y": 0, "w": 122, "h": 150 },
    "sourceSize": { "w": 122, "h": 150 },
    "duration": 100
   },
   {
    "filename": "hair (Layer 1) 40.ase",
    "frame": { "x": 488, "y": 600, "w": 122, "h": 150 },
    "rotated": false,
    "trimmed": false,
    "spriteSourceSize": { "x": 0, "y": 0, "w": 122, "h": 150 },
    "sourceSize": { "w": 122, "h": 150 },
    "duration": 100
   },
   {
    "filename": "hair (Layer 1) 41.ase",
    "frame": { "x": 610, "y": 600, "w": 122, "h": 150 },
    "rotated": false,
    "trimmed": false,
    "spriteSourceSize": { "x": 0, "y": 0, "w": 122, "h": 150 },
    "sourceSize": { "w": 122, "h": 150 },
    "duration": 100
   },
   {
    "filename": "hair (Layer 1) 42.ase",
    "frame": { "x": 732, "y": 600, "w": 122, "h": 150 },
    "rotated": false,
    "trimmed": false,
    "spriteSourceSize": { "x": 0, "y": 0, "w": 122, "h": 150 },
    "sourceSize": { "w": 122, "h": 150 },
    "duration": 100
   },
   {
    "filename": "hair (Layer 1) 43.ase",
    "frame": { "x": 854, "y": 600, "w": 122, "h": 150 },
    "rotated": false,
    "trimmed": false,
    "spriteSourceSize": { "x": 0, "y": 0, "w": 122, "h": 150 },
    "sourceSize": { "w": 122, "h": 150 },
    "duration": 100
   },
   {
    "filename": "hair (Layer 1) 44.ase",
    "frame": { "x": 976, "y": 600, "w": 122, "h": 150 },
    "rotated": false,
    "trimmed": false,
    "spriteSourceSize": { "x": 0, "y": 0, "w": 122, "h": 150 },
    "sourceSize": { "w": 122, "h": 150 },
    "duration": 100
   },
   {
    "filename": "hair (Layer 1) 45.ase",
    "frame": { "x": 0, "y": 750, "w": 122, "h": 150 },
    "rotated": false,
    "trimmed": false,
    "spriteSourceSize": { "x": 0, "y": 0, "w": 122, "h": 150 },
    "sourceSize": { "w": 122, "h": 150 },
    "duration": 100
   },
   {
    "filename": "hair (Layer 1) 46.ase",
    "frame": { "x": 122, "y": 750, "w": 122, "h": 150 },
    "rotated": false,
    "trimmed": false,
    "spriteSourceSize": { "x": 0, "y": 0, "w": 122, "h": 150 },
    "sourceSize": { "w": 122, "h": 150 },
    "duration": 100
   },
   {
    "filename": "hair (Layer 1) 47.ase",
    "frame": { "x": 244, "y": 750, "w": 122, "h": 150 },
    "rotated": false,
    "trimmed": false,
    "spriteSourceSize": { "x": 0, "y": 0, "w": 122, "h": 150 },
    "sourceSize": { "w": 122, "h": 150 },
    "duration": 100
   },
   {
    "filename": "hair (Layer 1) 48.ase",
    "frame": { "x": 366, "y": 750, "w": 122, "h": 150 },
    "rotated": false,
    "trimmed": false,
    "spriteSourceSize": { "x": 0, "y": 0, "w": 122, "h": 150 },
    "sourceSize": { "w": 122, "h": 150 },
    "duration": 100
   },
   {
    "filename": "hair (Layer 1) 49.ase",
    "frame": { "x": 488, "y": 750, "w": 122, "h": 150 },
    "rotated": false,
    "trimmed": false,
    "spriteSourceSize": { "x": 0, "y": 0, "w": 122, "h": 150 },
    "sourceSize": { "w": 122, "h": 150 },
    "duration": 100
   },
   {
    "filename": "hair (Layer 1) 50.ase",
    "frame": { "x": 610, "y": 750, "w": 122, "h": 150 },
    "rotated": false,
    "trimmed": false,
    "spriteSourceSize": { "x": 0, "y": 0, "w": 122, "h": 150 },
    "sourceSize": { "w": 122, "h": 150 },
    "duration": 100
   },
   {
    "filename": "hair (Layer 1) 51.ase",
    "frame": { "x": 732, "y": 750, "w": 122, "h": 150 },
    "rotated": false,
    "trimmed": false,
    "spriteSourceSize": { "x": 0, "y": 0, "w": 122, "h": 150 },
    "sourceSize": { "w": 122, "h": 150 },
    "duration": 100
   },
   {
    "filename": "hair (Layer 1) 52.ase",
    "frame": { "x": 854, "y": 750, "w": 122, "h": 150 },
    "rotated": false,
    "trimmed": false,
    "spriteSourceSize": { "x": 0, "y": 0, "w": 122, "h": 150 },
    "sourceSize": { "w": 122, "h": 150 },
    "duration": 100
   },
   {
    "filename": "hair (Layer 1) 53.ase",
    "frame": { "x": 976, "y": 750, "w": 122, "h": 150 },
    "rotated": false,
    "trimmed": false,
    "spriteSourceSize": { "x": 0, "y": 0, "w": 122, "h": 150 },
    "sourceSize": { "w": 122, "h": 150 },
    "duration": 100
   },
   {
    "filename": "hair (Layer 1) 54.ase",
    "frame": { "x": 0, "y": 900, "w": 122, "h": 150 },
    "rotated": false,
    "trimmed": false,
    "spriteSourceSize": { "x": 0, "y": 0, "w": 122, "h": 150 },
    "sourceSize": { "w": 122, "h": 150 },
    "duration": 100
   },
   {
    "filename": "hair (Layer 1) 55.ase",
    "frame": { "x": 122, "y": 900, "w": 122, "h": 150 },
    "rotated": false,
    "trimmed": false,
    "spriteSourceSize": { "x": 0, "y": 0, "w": 122, "h": 150 },
    "sourceSize": { "w": 122, "h": 150 },
    "duration": 100
   },
   {
    "filename": "hair (Layer 1) 56.ase",
    "frame": { "x": 244, "y": 900, "w": 122, "h": 150 },
    "rotated": false,
    "trimmed": false,
    "spriteSourceSize": { "x": 0, "y": 0, "w": 122, "h": 150 },
    "sourceSize": { "w": 122, "h": 150 },
    "duration": 100
   },
   {
    "filename": "hair (Layer 1) 57.ase",
    "frame": { "x": 366, "y": 900, "w": 122, "h": 150 },
    "rotated": false,
    "trimmed": false,
    "spriteSourceSize": { "x": 0, "y": 0, "w": 122, "h": 150 },
    "sourceSize": { "w": 122, "h": 150 },
    "duration": 100
   },
   {
    "filename": "hair (Layer 1) 58.ase",
    "frame": { "x": 488, "y": 900, "w": 122, "h": 150 },
    "rotated": false,
    "trimmed": false,
    "spriteSourceSize": { "x": 0, "y": 0, "w": 122, "h": 150 },
    "sourceSize": { "w": 122, "h": 150 },
    "duration": 100
   },
   {
    "filename": "hair (Layer 1) 59.ase",
    "frame": { "x": 610, "y": 900, "w": 122, "h": 150 },
    "rotated": false,
    "trimmed": false,
    "spriteSourceSize": { "x": 0, "y": 0, "w": 122, "h": 150 },
    "sourceSize": { "w": 122, "h": 150 },
    "duration": 100
   },
   {
    "filename": "hair (Layer 1) 60.ase",
    "frame": { "x": 732, "y": 900, "w": 122, "h": 150 },
    "rotated": false,
    "trimmed": false,
    "spriteSourceSize": { "x": 0, "y": 0, "w": 122, "h": 150 },
    "sourceSize": { "w": 122, "h": 150 },
    "duration": 100
   },
   {
    "filename": "hair (Layer 1) 61.ase",
    "frame": { "x": 854, "y": 900, "w": 122, "h": 150 },
    "rotated": false,
    "trimmed": false,
    "spriteSourceSize": { "x": 0, "y": 0, "w": 122, "h": 150 },
    "sourceSize": { "w": 122, "h": 150 },
    "duration": 100
   },
   {
    "filename": "hair (Layer 1) 62.ase",
    "frame": { "x": 976, "y": 900, "w": 122, "h": 150 },
    "rotated": false,
    "trimmed": false,
    "spriteSourceSize": { "x": 0, "y": 0, "w": 122, "h": 150 },
    "sourceSize": { "w": 122, "h": 150 },
    "duration": 100
   },
   {
    "filename": "hair (Layer 1) 63.ase",
    "frame": { "x": 0, "y": 1050, "w": 122, "h": 150 },
    "rotated": false,
    "trimmed": false,
    "spriteSourceSize": { "x": 0, "y": 0, "w": 122, "h": 150 },
    "sourceSize": { "w": 122, "h": 150 },
    "duration": 100
   },
   {
    "filename": "hair (Layer 1) 64.ase",
    "frame": { "x": 122, "y": 1050, "w": 122, "h": 150 },
    "rotated": false,
    "trimmed": false,
    "spriteSourceSize": { "x": 0, "y": 0, "w": 122, "h": 150 },
    "sourceSize": { "w": 122, "h": 150 },
    "duration": 100
   },
   {
    "filename": "hair (Layer 1) 65.ase",
    "frame": { "x": 244, "y": 1050, "w": 122, "h": 150 },
    "rotated": false,
    "trimmed": false,
    "spriteSourceSize": { "x": 0, "y": 0, "w": 122, "h": 150 },
    "sourceSize": { "w": 122, "h": 150 },
    "duration": 100
   },
   {
    "filename": "hair (Layer 1) 66.ase",
    "frame": { "x": 366, "y": 1050, "w": 122, "h": 150 },
    "rotated": false,
    "trimmed": false,
    "spriteSourceSize": { "x": 0, "y": 0, "w": 122, "h": 150 },
    "sourceSize": { "w": 122, "h": 150 },
    "duration": 100
   },
   {
    "filename": "hair (Layer 1) 67.ase",
    "frame": { "x": 488, "y": 1050, "w": 122, "h": 150 },
    "rotated": false,
    "trimmed": false,
    "spriteSourceSize": { "x": 0, "y": 0, "w": 122, "h": 150 },
    "sourceSize": { "w": 122, "h": 150 },
    "duration": 100
   },
   {
    "filename": "hair (Layer 1) 68.ase",
    "frame": { "x": 610, "y": 1050, "w": 122, "h": 150 },
    "rotated": false,
    "trimmed": false,
    "spriteSourceSize": { "x": 0, "y": 0, "w": 122, "h": 150 },
    "sourceSize": { "w": 122, "h": 150 },
    "duration": 100
   },
   {
    "filename": "hair (Layer 1) 69.ase",
    "frame": { "x": 732, "y": 1050, "w": 122, "h": 150 },
    "rotated": false,
    "trimmed": false,
    "spriteSourceSize": { "x": 0, "y": 0, "w": 122, "h": 150 },
    "sourceSize": { "w": 122, "h": 150 },
    "duration": 100
   }
 ],
 "meta": {
  "app": "https://www.aseprite.org/",
  "version": "1.3-beta21-x64",
  "image": "hair.png",
  "format": "RGBA8888",
  "size": { "w": 1098, "h": 1200 },
  "scale": "1",
  "frameTags": [
   { "name": "Loop", "from": 0, "to": 62, "direction": "forward", "color": "#000000ff" }
  ],
  "layers": [
   { "name": "Layer 1", "opacity": 255, "blendMode": "normal" }
  ],
  "slices": [
  ]
 }
}
