{ "frames": [
   {
    "filename": "outfits (Layer 1) #Loop 0.ase",
    "frame": { "x": 0, "y": 0, "w": 154, "h": 85 },
    "rotated": false,
    "trimmed": false,
    "spriteSourceSize": { "x": 0, "y": 0, "w": 154, "h": 85 },
    "sourceSize": { "w": 154, "h": 85 },
    "duration": 100
   },
   {
    "filename": "outfits (Layer 1) #Loop 1.ase",
    "frame": { "x": 154, "y": 0, "w": 154, "h": 85 },
    "rotated": false,
    "trimmed": false,
    "spriteSourceSize": { "x": 0, "y": 0, "w": 154, "h": 85 },
    "sourceSize": { "w": 154, "h": 85 },
    "duration": 100
   },
   {
    "filename": "outfits (Layer 1) #Loop 2.ase",
    "frame": { "x": 308, "y": 0, "w": 154, "h": 85 },
    "rotated": false,
    "trimmed": false,
    "spriteSourceSize": { "x": 0, "y": 0, "w": 154, "h": 85 },
    "sourceSize": { "w": 154, "h": 85 },
    "duration": 100
   },
   {
    "filename": "outfits (Layer 1) #Loop 3.ase",
    "frame": { "x": 462, "y": 0, "w": 154, "h": 85 },
    "rotated": false,
    "trimmed": false,
    "spriteSourceSize": { "x": 0, "y": 0, "w": 154, "h": 85 },
    "sourceSize": { "w": 154, "h": 85 },
    "duration": 100
   },
   {
    "filename": "outfits (Layer 1) #Loop 4.ase",
    "frame": { "x": 616, "y": 0, "w": 154, "h": 85 },
    "rotated": false,
    "trimmed": false,
    "spriteSourceSize": { "x": 0, "y": 0, "w": 154, "h": 85 },
    "sourceSize": { "w": 154, "h": 85 },
    "duration": 100
   },
   {
    "filename": "outfits (Layer 1) #Loop 5.ase",
    "frame": { "x": 770, "y": 0, "w": 154, "h": 85 },
    "rotated": false,
    "trimmed": false,
    "spriteSourceSize": { "x": 0, "y": 0, "w": 154, "h": 85 },
    "sourceSize": { "w": 154, "h": 85 },
    "duration": 100
   },
   {
    "filename": "outfits (Layer 1) #Loop 6.ase",
    "frame": { "x": 924, "y": 0, "w": 154, "h": 85 },
    "rotated": false,
    "trimmed": false,
    "spriteSourceSize": { "x": 0, "y": 0, "w": 154, "h": 85 },
    "sourceSize": { "w": 154, "h": 85 },
    "duration": 100
   },
   {
    "filename": "outfits (Layer 1) #Loop 7.ase",
    "frame": { "x": 0, "y": 85, "w": 154, "h": 85 },
    "rotated": false,
    "trimmed": false,
    "spriteSourceSize": { "x": 0, "y": 0, "w": 154, "h": 85 },
    "sourceSize": { "w": 154, "h": 85 },
    "duration": 100
   },
   {
    "filename": "outfits (Layer 1) #Loop 8.ase",
    "frame": { "x": 154, "y": 85, "w": 154, "h": 85 },
    "rotated": false,
    "trimmed": false,
    "spriteSourceSize": { "x": 0, "y": 0, "w": 154, "h": 85 },
    "sourceSize": { "w": 154, "h": 85 },
    "duration": 100
   },
   {
    "filename": "outfits (Layer 1) #Loop 9.ase",
    "frame": { "x": 308, "y": 85, "w": 154, "h": 85 },
    "rotated": false,
    "trimmed": false,
    "spriteSourceSize": { "x": 0, "y": 0, "w": 154, "h": 85 },
    "sourceSize": { "w": 154, "h": 85 },
    "duration": 100
   },
   {
    "filename": "outfits (Layer 1) #Loop 10.ase",
    "frame": { "x": 462, "y": 85, "w": 154, "h": 85 },
    "rotated": false,
    "trimmed": false,
    "spriteSourceSize": { "x": 0, "y": 0, "w": 154, "h": 85 },
    "sourceSize": { "w": 154, "h": 85 },
    "duration": 100
   },
   {
    "filename": "outfits (Layer 1) #Loop 11.ase",
    "frame": { "x": 616, "y": 85, "w": 154, "h": 85 },
    "rotated": false,
    "trimmed": false,
    "spriteSourceSize": { "x": 0, "y": 0, "w": 154, "h": 85 },
    "sourceSize": { "w": 154, "h": 85 },
    "duration": 100
   },
   {
    "filename": "outfits (Layer 1) #Loop 12.ase",
    "frame": { "x": 770, "y": 85, "w": 154, "h": 85 },
    "rotated": false,
    "trimmed": false,
    "spriteSourceSize": { "x": 0, "y": 0, "w": 154, "h": 85 },
    "sourceSize": { "w": 154, "h": 85 },
    "duration": 100
   },
   {
    "filename": "outfits (Layer 1) #Loop 13.ase",
    "frame": { "x": 924, "y": 85, "w": 154, "h": 85 },
    "rotated": false,
    "trimmed": false,
    "spriteSourceSize": { "x": 0, "y": 0, "w": 154, "h": 85 },
    "sourceSize": { "w": 154, "h": 85 },
    "duration": 100
   },
   {
    "filename": "outfits (Layer 1) #Loop 14.ase",
    "frame": { "x": 0, "y": 170, "w": 154, "h": 85 },
    "rotated": false,
    "trimmed": false,
    "spriteSourceSize": { "x": 0, "y": 0, "w": 154, "h": 85 },
    "sourceSize": { "w": 154, "h": 85 },
    "duration": 100
   },
   {
    "filename": "outfits (Layer 1) #Loop 15.ase",
    "frame": { "x": 154, "y": 170, "w": 154, "h": 85 },
    "rotated": false,
    "trimmed": false,
    "spriteSourceSize": { "x": 0, "y": 0, "w": 154, "h": 85 },
    "sourceSize": { "w": 154, "h": 85 },
    "duration": 100
   },
   {
    "filename": "outfits (Layer 1) #Loop 16.ase",
    "frame": { "x": 308, "y": 170, "w": 154, "h": 85 },
    "rotated": false,
    "trimmed": false,
    "spriteSourceSize": { "x": 0, "y": 0, "w": 154, "h": 85 },
    "sourceSize": { "w": 154, "h": 85 },
    "duration": 100
   },
   {
    "filename": "outfits (Layer 1) #Loop 17.ase",
    "frame": { "x": 462, "y": 170, "w": 154, "h": 85 },
    "rotated": false,
    "trimmed": false,
    "spriteSourceSize": { "x": 0, "y": 0, "w": 154, "h": 85 },
    "sourceSize": { "w": 154, "h": 85 },
    "duration": 100
   },
   {
    "filename": "outfits (Layer 1) #Loop 18.ase",
    "frame": { "x": 616, "y": 170, "w": 154, "h": 85 },
    "rotated": false,
    "trimmed": false,
    "spriteSourceSize": { "x": 0, "y": 0, "w": 154, "h": 85 },
    "sourceSize": { "w": 154, "h": 85 },
    "duration": 100
   },
   {
    "filename": "outfits (Layer 1) #Loop 19.ase",
    "frame": { "x": 770, "y": 170, "w": 154, "h": 85 },
    "rotated": false,
    "trimmed": false,
    "spriteSourceSize": { "x": 0, "y": 0, "w": 154, "h": 85 },
    "sourceSize": { "w": 154, "h": 85 },
    "duration": 100
   },
   {
    "filename": "outfits (Layer 1) #Loop 20.ase",
    "frame": { "x": 924, "y": 170, "w": 154, "h": 85 },
    "rotated": false,
    "trimmed": false,
    "spriteSourceSize": { "x": 0, "y": 0, "w": 154, "h": 85 },
    "sourceSize": { "w": 154, "h": 85 },
    "duration": 100
   },
   {
    "filename": "outfits (Layer 1) #Loop 21.ase",
    "frame": { "x": 0, "y": 255, "w": 154, "h": 85 },
    "rotated": false,
    "trimmed": false,
    "spriteSourceSize": { "x": 0, "y": 0, "w": 154, "h": 85 },
    "sourceSize": { "w": 154, "h": 85 },
    "duration": 100
   },
   {
    "filename": "outfits (Layer 1) #Loop 22.ase",
    "frame": { "x": 154, "y": 255, "w": 154, "h": 85 },
    "rotated": false,
    "trimmed": false,
    "spriteSourceSize": { "x": 0, "y": 0, "w": 154, "h": 85 },
    "sourceSize": { "w": 154, "h": 85 },
    "duration": 100
   },
   {
    "filename": "outfits (Layer 1) #Loop 23.ase",
    "frame": { "x": 308, "y": 255, "w": 154, "h": 85 },
    "rotated": false,
    "trimmed": false,
    "spriteSourceSize": { "x": 0, "y": 0, "w": 154, "h": 85 },
    "sourceSize": { "w": 154, "h": 85 },
    "duration": 100
   },
   {
    "filename": "outfits (Layer 1) #Loop 24.ase",
    "frame": { "x": 462, "y": 255, "w": 154, "h": 85 },
    "rotated": false,
    "trimmed": false,
    "spriteSourceSize": { "x": 0, "y": 0, "w": 154, "h": 85 },
    "sourceSize": { "w": 154, "h": 85 },
    "duration": 100
   },
   {
    "filename": "outfits (Layer 1) #Loop 25.ase",
    "frame": { "x": 616, "y": 255, "w": 154, "h": 85 },
    "rotated": false,
    "trimmed": false,
    "spriteSourceSize": { "x": 0, "y": 0, "w": 154, "h": 85 },
    "sourceSize": { "w": 154, "h": 85 },
    "duration": 100
   },
   {
    "filename": "outfits (Layer 1) #Loop 26.ase",
    "frame": { "x": 770, "y": 255, "w": 154, "h": 85 },
    "rotated": false,
    "trimmed": false,
    "spriteSourceSize": { "x": 0, "y": 0, "w": 154, "h": 85 },
    "sourceSize": { "w": 154, "h": 85 },
    "duration": 100
   },
   {
    "filename": "outfits (Layer 1) #Loop 27.ase",
    "frame": { "x": 924, "y": 255, "w": 154, "h": 85 },
    "rotated": false,
    "trimmed": false,
    "spriteSourceSize": { "x": 0, "y": 0, "w": 154, "h": 85 },
    "sourceSize": { "w": 154, "h": 85 },
    "duration": 100
   },
   {
    "filename": "outfits (Layer 1) #Loop 28.ase",
    "frame": { "x": 0, "y": 340, "w": 154, "h": 85 },
    "rotated": false,
    "trimmed": false,
    "spriteSourceSize": { "x": 0, "y": 0, "w": 154, "h": 85 },
    "sourceSize": { "w": 154, "h": 85 },
    "duration": 100
   },
   {
    "filename": "outfits (Layer 1) #Loop 29.ase",
    "frame": { "x": 154, "y": 340, "w": 154, "h": 85 },
    "rotated": false,
    "trimmed": false,
    "spriteSourceSize": { "x": 0, "y": 0, "w": 154, "h": 85 },
    "sourceSize": { "w": 154, "h": 85 },
    "duration": 100
   },
   {
    "filename": "outfits (Layer 1) #Loop 30.ase",
    "frame": { "x": 308, "y": 340, "w": 154, "h": 85 },
    "rotated": false,
    "trimmed": false,
    "spriteSourceSize": { "x": 0, "y": 0, "w": 154, "h": 85 },
    "sourceSize": { "w": 154, "h": 85 },
    "duration": 100
   },
   {
    "filename": "outfits (Layer 1) #Loop 31.ase",
    "frame": { "x": 462, "y": 340, "w": 154, "h": 85 },
    "rotated": false,
    "trimmed": false,
    "spriteSourceSize": { "x": 0, "y": 0, "w": 154, "h": 85 },
    "sourceSize": { "w": 154, "h": 85 },
    "duration": 100
   },
   {
    "filename": "outfits (Layer 1) #Loop 32.ase",
    "frame": { "x": 616, "y": 340, "w": 154, "h": 85 },
    "rotated": false,
    "trimmed": false,
    "spriteSourceSize": { "x": 0, "y": 0, "w": 154, "h": 85 },
    "sourceSize": { "w": 154, "h": 85 },
    "duration": 100
   },
   {
    "filename": "outfits (Layer 1) #Loop 33.ase",
    "frame": { "x": 770, "y": 340, "w": 154, "h": 85 },
    "rotated": false,
    "trimmed": false,
    "spriteSourceSize": { "x": 0, "y": 0, "w": 154, "h": 85 },
    "sourceSize": { "w": 154, "h": 85 },
    "duration": 100
   },
   {
    "filename": "outfits (Layer 1) #Loop 34.ase",
    "frame": { "x": 924, "y": 340, "w": 154, "h": 85 },
    "rotated": false,
    "trimmed": false,
    "spriteSourceSize": { "x": 0, "y": 0, "w": 154, "h": 85 },
    "sourceSize": { "w": 154, "h": 85 },
    "duration": 100
   },
   {
    "filename": "outfits (Layer 1) #Loop 35.ase",
    "frame": { "x": 0, "y": 425, "w": 154, "h": 85 },
    "rotated": false,
    "trimmed": false,
    "spriteSourceSize": { "x": 0, "y": 0, "w": 154, "h": 85 },
    "sourceSize": { "w": 154, "h": 85 },
    "duration": 100
   },
   {
    "filename": "outfits (Layer 1) #Loop 36.ase",
    "frame": { "x": 154, "y": 425, "w": 154, "h": 85 },
    "rotated": false,
    "trimmed": false,
    "spriteSourceSize": { "x": 0, "y": 0, "w": 154, "h": 85 },
    "sourceSize": { "w": 154, "h": 85 },
    "duration": 100
   }
 ],
 "meta": {
  "app": "https://www.aseprite.org/",
  "version": "1.3-beta21-x64",
  "image": "outfits.png",
  "format": "RGBA8888",
  "size": { "w": 1078, "h": 510 },
  "scale": "1",
  "frameTags": [
   { "name": "Loop", "from": 0, "to": 36, "direction": "forward", "color": "#000000ff" }
  ],
  "layers": [
   { "name": "Layer 1", "opacity": 255, "blendMode": "normal" }
  ],
  "slices": [
  ]
 }
}
